-- MariaDB dump 10.19-11.8.6-MariaDB, for Linux (x86_64)
--
-- Host: maria    Database: prekbooks
-- ------------------------------------------------------
-- Server version	10.11.13-MariaDB

/*!40101 SET @OLD_CHARACTER_SET_CLIENT=@@CHARACTER_SET_CLIENT */;
/*!40101 SET @OLD_CHARACTER_SET_RESULTS=@@CHARACTER_SET_RESULTS */;
/*!40101 SET @OLD_COLLATION_CONNECTION=@@COLLATION_CONNECTION */;
/*!40101 SET NAMES utf8mb4 */;
/*!40103 SET @OLD_TIME_ZONE=@@TIME_ZONE */;
/*!40103 SET TIME_ZONE='+00:00' */;
/*!40014 SET @OLD_UNIQUE_CHECKS=@@UNIQUE_CHECKS, UNIQUE_CHECKS=0 */;
/*!40014 SET @OLD_FOREIGN_KEY_CHECKS=@@FOREIGN_KEY_CHECKS, FOREIGN_KEY_CHECKS=0 */;
/*!40101 SET @OLD_SQL_MODE=@@SQL_MODE, SQL_MODE='NO_AUTO_VALUE_ON_ZERO' */;
/*M!100616 SET @OLD_NOTE_VERBOSITY=@@NOTE_VERBOSITY, NOTE_VERBOSITY=0 */;

--
-- Table structure for table `book`
--

DROP TABLE IF EXISTS `book`;
/*!40101 SET @saved_cs_client     = @@character_set_client */;
/*!40101 SET character_set_client = utf8mb4 */;
CREATE TABLE `book` (
  `id` int(11) NOT NULL AUTO_INCREMENT,
  `title` varchar(255) NOT NULL,
  `author` varchar(255) NOT NULL,
  `box_id` int(11) DEFAULT NULL,
  PRIMARY KEY (`id`),
  KEY `idx_book_box_id` (`box_id`),
  CONSTRAINT `fk_book_box` FOREIGN KEY (`box_id`) REFERENCES `box` (`id`) ON DELETE SET NULL ON UPDATE CASCADE
) ENGINE=InnoDB AUTO_INCREMENT=1007 DEFAULT CHARSET=latin1 COLLATE=latin1_swedish_ci;
/*!40101 SET character_set_client = @saved_cs_client */;

--
-- Dumping data for table `book`
--

SET @OLD_AUTOCOMMIT=@@AUTOCOMMIT, @@AUTOCOMMIT=0;
LOCK TABLES `book` WRITE;
/*!40000 ALTER TABLE `book` DISABLE KEYS */;
INSERT INTO `book` VALUES
(3,'A New Day','Don Bolognese',1),
(5,'The Parent Trap','',1),
(6,'The Rescuers','',5),
(7,'Treasury for Children','James Herriot',1),
(8,'Duck for President','Doreen Cronin, Betsy Lewin',46),
(9,'If I ran the Circus','Dr Seuss',2),
(10,'Zomo The Rabbit','Gerald McDermott',46),
(12,'Hush, Little Alien','Daniel Kirk',43),
(13,'Pooh\'s Bedtime Book','A. A. Milne',1),
(14,'Winnie the Pooh - The Hanuted House','A. A. Milne',3),
(15,'He\'s your Dog, Charlie Brown','Charles M Schulz',3),
(17,'You\'re In Love, Charlie Brown','Charles M Schulz',3),
(18,'A Charlie Brown Christmas','Charles M Schulz',3),
(19,'Charlie Brown All-Stars','Charles M Schulz',3),
(20,'A Charlie Brown Valentine','Charles M Schulz',3),
(21,'Edward\'s Exploit','Rev W Awdry',3),
(26,'My Little Book About Our Flag','',1),
(28,'Hooper Humperdink...? NOT HIM!','Theo LeSieg',5),
(29,'Sammy The Seal','Syd Hoff',5),
(30,'Wacky Wednesday','Theo LeSieg',5),
(31,'The Digging-est Dog','Al Perkins',5),
(32,'All Things Bright and Beatiful','Christine Deverell',3),
(33,'Oh, the Thinks you can Think','Dr Seuss',2),
(34,'Please Try to Remember the First of Octember','Dr Seuss',5),
(35,'Wings on Things','Mark Brown',5),
(36,'Babar Loses his Crown','Laurent De Brunhoff',5),
(37,'Doctor Dolittle and the Pirates','Hugh Lofting',5),
(38,'The Berenstain Bears and the Missing Dinosaur Bone','Stan and Jan Berenstain',5),
(39,'Bears on Wheels ','Stan and Jan Berenstain',5),
(40,'Snow','Roy McKie, P.D. Eastman',5),
(41,'In a People House','Theo LeSieg',5),
(42,'Inside Outside Upside Down','Stan and Jan Berenstain',5),
(43,'A Fly Went By','Mike McClintock',5),
(44,'The Whales go by','Fred Phleger',5),
(45,'Robert the Rose Horse','Joan Heilbroner',5),
(46,'The King\'s Wish','Benjamin Elkin',5),
(47,'Fox in Socks','Dr Seuss',2),
(48,'Are you my Mother','P.D. Eastman',5),
(49,'The Cat in the Hat','Dr Seuss',2),
(50,'The Cat in the Hat','Dr Seuss',2),
(51,'The Cat in the Hat Comes Back','Dr Seuss',2),
(52,'The Berenstain Bears and the Spooky Old Tree','Stan and Jan Berenstain',5),
(53,'ABC','Dr Seuss',2),
(54,'Green Eggs and Ham','Dr Seuss',2),
(55,'I can read with my eyes Shut!','Dr Seuss',2),
(56,'He Bear She Bear','Stan and Jan Berenstain',5),
(57,'The Berenstains\' B Book','Stan and Jan Berenstain',5),
(58,'The Bears\' Christmas','Stan and Jan Berenstain',5),
(59,'The Bear Detectives','Stan and Jan Berenstain',5),
(60,'Go, Dog. Go!','P.D. Eastman',5),
(61,'I wish that I had Duck Feet','Theo LeSieg',5),
(62,'Would you rather be a Bullfrog?','Theo LeSieg',5),
(63,'There\'s a Wocket in my Pocket','Dr Seuss',2),
(64,'The Berenstain Bears on the Moon','Stan and Jan Berenstain',5),
(65,'A Fish out of Water','Helen Palmer',5),
(66,'And to think I saw it on Mulberry Street','Dr Seuss',2),
(67,'Bears in the Night','Stan and Jan Berenstain',5),
(68,'Marvin K. Mooney will you please go now!','Dr Seuss',5),
(69,'The Hair Book','Graham Tether',5),
(70,'Mr Brown can Moo! Can You?','Dr Seuss',5),
(71,'Old Hat New Hat','Stan and Jan Berenstain',5),
(72,'Hop on Pop','Dr Seuss',5),
(73,'Oh say can you Say?','Dr Seuss',5),
(74,'The Tooth Book','Theo LeSieg',5),
(75,'Hand, Hand, Fingers, Thumb','Al Perkins',5),
(76,'The Best Nest','P.D. Eastman',5),
(77,'C is for  Clown','Stan and Jan Berenstain',5),
(78,'The Lorax','Dr Seuss',2),
(79,'The King\'s Stilts','Dr Seuss',2),
(80,'Scrambled Eggs Super!','Dr Seuss',2),
(81,'I had trouble in getting to Solla Sollew','Dr Seuss',2),
(82,'On beyond Zebra','Dr Seuss',2),
(83,'McElligot\'s Pool','Dr Seuss',2),
(84,'If I ran the Zoo','Dr Seuss',2),
(85,'The Cat\'s Quizzer','Dr Seuss',2),
(86,'Horton Hears a Who!','Dr Seuss',2),
(87,'Yertle the Turtle','Dr Seuss',2),
(88,'I can Write','Theo LeSieg',2),
(89,'Sleep Book','Dr Seuss',2),
(90,'Thidwick The Big-Hearted Moose','Dr Seuss',2),
(91,'Happy Birthday To You!','Dr Seuss',2),
(92,'The Cat in the Hat Beginner Book','Dr Seuss',2),
(93,'My Book about Me','Dr Seuss',2),
(94,'I can lick 30 Tigers today!','Dr Seuss',2),
(95,'How the Grinch Stole Christmas','Dr Seuss',2),
(96,'Did I ever tell you how lucky you are?','Dr Seuss',2),
(97,'My Many Colored Days','Seuss/Johnson  Fancher',2),
(99,'Little One, Little One, What Do You See','Alan Siewert',3),
(100,'Little One, Little One, What Do You See','Alan Siewert',3),
(101,'Corduroy','Don Freeman',41),
(102,'Baby\'s Create a book','',3),
(103,'Harold and the Purple Crayon','Crockett Johnson',43),
(104,'Pippi Longstocking','Astrid Lindgren',3),
(106,'The Little Red Hen','Paul  Galdone',43),
(107,'When I\'m all grown up','',3),
(108,'Z is for Zamboni A Hockey Alphabet','Matt Napier',42),
(109,'Timber!','J. Renee Johnson',3),
(110,'Alexander and the terrible horrible no good very bad day','Judith Viorst',43),
(111,'My Teddy Bear Party','Rosemary Bunch',3),
(127,'The Tale of Peter Rabbit','Beatrix Potter',3),
(130,'Clifford\'s Halloween','Norman Bridwell',3),
(133,'Stories and Poems about Pooh and his Friends','A. A. Milne',3),
(139,'Frog and Toad Together','Arnold Lobel',3),
(145,'Julius','Syd Hoff',3),
(148,'Little Bear','Else Holmelund Minarik',3),
(149,'Danny and the Dinosaur','Syd Hoff',3),
(150,'Little Bear\'s Friend','Else Holmelund Minarik',3),
(153,'A Birthday for Frances','Russell Hoban',3),
(158,'My A Book','Joan Belk Moncure',3),
(159,'My B Book','Joan Belk Moncure',3),
(160,'My C Book','Joan Belk Moncure',3),
(161,'My D Book','Joan Belk Moncure',3),
(162,'My E Book','Joan Belk Moncure',3),
(163,'My F Book','Joan Belk Moncure',3),
(164,'My G Book','Joan Belk Moncure',3),
(165,'My H Book','Joan Belk Moncure',3),
(166,'My I Book','Joan Belk Moncure',3),
(167,'My J Book','Joan Belk Moncure',3),
(168,'My K Book','Joan Belk Moncure',3),
(169,'My L Book','Joan Belk Moncure',3),
(170,'My M Book','Joan Belk Moncure',3),
(171,'My N Book','Joan Belk Moncure',3),
(172,'My O Book','Joan Belk Moncure',3),
(173,'My P Book','Joan Belk Moncure',3),
(174,'My Q Book','Joan Belk Moncure',3),
(175,'My R Book','Joan Belk Moncure',3),
(176,'My S Book','Joan Belk Moncure',3),
(177,'My T Book','Joan Belk Moncure',3),
(178,'My U Book','Joan Belk Moncure',3),
(179,'My V Book','Joan Belk Moncure',3),
(180,'My W Book','Joan Belk Moncure',3),
(181,'My X,Y,Z Book','Joan Belk Moncure',3),
(182,'Frederick','Leo Lionni',46),
(183,'The Foolish Tortoise','Buckley / Carle',46),
(184,'Little Pea','Amy Krouse Rosenthal',46),
(185,'Just Me and my Dad','Mercer Mayer',43),
(186,'Just a Baseball Game','Gina and Mercer Mayer',43),
(187,'Duck, Duck, Goose','Tad Hills',46),
(188,'Dragons Love Tacos','Adam Rubin',43),
(189,'Still a Gorilla!','Kim Norman',46),
(190,'Curious Critters','David FitzSimmons',43),
(191,'I know a Wee Piggy','Kim Norman',46),
(192,'Macca the Alpaca','Matt Cosgrove',46),
(193,'Pigs Aplenty, Pigs Galore!','David McPhail',46),
(194,'Duck on a Tractor','David Shannon',46),
(195,'Floods!','Alyse Sweeney',43),
(196,'Lightning!','Jeff Bauer',43),
(197,'Hurricanes!','Alyse Sweeney',43),
(198,'Tornadoes!','Justin McCory Martin',43),
(199,'Weather!','Justin McCory Martin',43),
(200,'Nat Geo: Owls','Laura Marsh',43),
(201,'Nat Geo: Spiders','Laura Marsh',43),
(202,'Nat Geo: Storms','Miriam Busch Goin',43),
(203,'Nat Geo: Wolves','Laura Marsh',43),
(204,'Whatever the Weather','Karen Wallace',43),
(205,'Owls in the Fall','Melvin and Gilda Berger',41),
(206,'What do Bats Do?','Melvin and Gilda Berger',43),
(207,'Tropical Rain Forest','April PUlley Sayre',43),
(208,'This is the sun Or is it?','Kathryn Knight',43),
(209,'This is the moon Or is it?','Kathryn Knight',43),
(210,'Nat Geo: Storms','Miriam Busch Goin',43),
(211,'Nat Geo: Sharks!','Anne Schreiber',43),
(212,'Bats','Lilly Wood',43),
(213,'Nat Geo: Snow Leopards','Jill Esbaum',43),
(214,'Nat Geo: Frogs','Marfe Ferguson Delano',43),
(215,'Wild Weather','Seymour Simon',43),
(216,'The Magic School Bus in the Bat Cave','',43),
(217,'Creatures Close Up','Gillian Watts',43),
(218,'If you were a Panda Bear','Wendell and Florence Minor',46),
(219,'Little Red and the Very Hungry Lion','Alex T Smith',43),
(220,'Shark Kiss, Octopus Hug','Kevin Cornell',42),
(221,'Please, Mr. Panda','Steve Antony',46),
(222,'When Cows Come Home','David L. Harrison',46),
(223,'Swimmy','Leo Lionni',46),
(224,'We are the Dinosaurs','Laurie Berkner',41),
(225,'The Old Truck','Jarrett Pumphrey',46),
(226,'Corky the Wonderdog','Linda Lundquist',46),
(227,'Hooray for Hat!','Brian Won',46),
(228,'What if you had Animal Feet!?','Sandra Markle',43),
(230,'Turkey\'s Eggcellent Easter','Wendi Silvano',42),
(232,'I love Minnesota an ABC adventure','Sandra Magsamen',46),
(233,'How to catch a Leprechaun','Adam Wallace',46),
(234,'The Pumpkin Patch Parable','Liz Curtis Higgs',41),
(235,'When I Grow Up','Al Yankovic',41),
(242,'Calendar','Myra Gohn LIvingston',46),
(245,'I wish you More','Amy Krouse Rosenthal',46),
(246,'Counting Lions, Animal Math','',43),
(247,'Adding with Apes, Animal Math','',43),
(248,'Using Addition at Home','',43),
(249,'Measuring in the Garden','',43),
(250,'Using Subtraction at the Park','',43),
(251,'Patterns at the Museum','',43),
(252,'Balancing Act','Ellen Stoll Walsh',43),
(253,'Nat Geo: Same and Different','',43),
(254,'God Gave us Easter','Lisa Tawn Bergren',42),
(255,'Sky Color','Peter H. Reynolds',46),
(256,'Funny Bunnies','Sue Dicicco',42),
(257,'Ish','Peter H. Reynolds',41),
(258,'The Word Collector','Peter H. Reynolds',46),
(259,'Say Something','Peter H. Reynolds',41),
(260,'Skin Like Mine','Latashia M. Perry',41),
(261,'Curious George plants a seed','Margret & HA Rey',46),
(262,'Curious George and the Birhday Surprise','Margret & HA Rey',46),
(263,'Curious George and the Dinosaur','Margret & HA Rey',41),
(265,'Fish is Fish','Leo Lionni',42),
(266,'We\'re going on a Lion Hunt','Margery Cuyler',46),
(267,'Mrs. Wishy-Washy\'s Farm','Joy Cowley',46),
(268,'The Bad Seed','Jory John',46),
(269,'Inch by Inch','Leo Lionni',46),
(270,'Cordroy w/ CD','Don Freeman',41),
(271,'Giraffes can\'t dance w/CD','Giles Andreae',46),
(272,'Bears feel Scared  w/CD','Karma Wilson',41),
(274,'Mooseltoe w/CD','Margie Palatini',42),
(275,'Peanut Butter & Cupcake! w/CD','Terry Border',42),
(276,'Lost and Found w/CD','Oliver Jeffers',42),
(277,'Christmas Magic  CD ONLY','Michael Garland',42),
(278,'A magical Christmas CD ONLY','Clair Freedman',42),
(281,'When the Snow is deeper than my boots are tall','Jean Reidy',42),
(282,'Love, Splat','Rob Scotton',42),
(283,'Germs are not for Sharing','Elizabeth Verdick',42),
(284,'Love Monster and the last Chocolate','Rachel Bright',42),
(285,'Love Monster','Rachel Bright',42),
(286,'Outside','Deirdre Gill',42),
(287,'No two alike','Keith Baker',42),
(288,'I can be anything','Jerry Spinelli',41),
(289,'Z is for Zebra','Kelly Bingham, Paul O. Zelinski',46),
(290,'Pete the Cat: The Great Leprechaun Chase','James Dean',43),
(291,'Pete the Cat: Five Little Pumpkins','James Dean',41),
(292,'Pete the Cat and the Itsy Bitsy Spider','James Dean',46),
(293,'Pete the Cat: Five Little Ducks','James Dean',46),
(294,'Pete the Cat: Five Little Bunnies','James Dean',42),
(295,'Pete the Cat and the missing cupcakes','James Dean',46),
(296,'The Legend of the Three Trees','Catherine McCafferty',42),
(297,'Mr Brown can Moo! Can You?','Dr Seuss',5),
(298,'The Ear Book','Al Perkins',5),
(299,'Inside Outside Upside Down','Stan and Jan Berenstain',5),
(300,'In a People House','Theo LeSieg',5),
(301,'Hop on Pop','Dr Seuss',5),
(302,'The Brerenstains\' Eggcellent Easter','Stan and Jan Berenstain',5),
(303,'The Foot Book','Dr Seuss',5),
(304,'Hand, Hand, Fingers, Thumb','Al Perkins',5),
(305,'Marvin K. Mooney will you please go now!','Dr Seuss',5),
(306,'Old Hat New Hat','Stan and Jan Berenstain',5),
(307,'The Nose Book','Al Perkins',5),
(308,'Bears on Wheels','Stan and Jan Berenstain',5),
(309,'One Fish, two, fish, red fish, blue fish','Dr Seuss',5),
(310,'Good Night Stories for Rebel Girls','Elena Favilli and Francesca Cavallo',1),
(311,'Little Ree','Ree Drummond',46),
(312,'7 Days Awesome','Shawn Byous',46),
(313,'All Things Bright and Beautiful','Cecil Frances Alexander',46),
(314,'Where is Viktor\'s Mustache? An A-Z Voyage through Minnesota','Viktor the Viking',46),
(315,'A Picture of God  3 in 1','Joanne Maxhausen',41),
(316,'Winnie the Pooh Roo\'s Big Nature Day','A. A. Milne',5),
(317,'Where is my Sister?','Gary Harbo',46),
(318,'The tale of Three Trees','Angela Elwell Hunt',42),
(319,'Little Owl\'s Night','Divya Srinivasan',41),
(320,'Go away, big green monster!','Ed Emberley',41),
(321,'The Gingerbread Man Loose in the School','Laura Murray',41),
(322,'Animals Animals','Eric Carle',46),
(323,'I Spy Spooky Night A Book of Picture Riddles','Jean Marzollo',41),
(379,'Book of Knowledge','Usborne Internet Linked',1),
(381,'Arctic & Antarctic','Eyewitness Books',5),
(383,'Ultimate First Encyclopedia','Kingfisher',1),
(385,'Thomas the Tank Engine','Rev W Awdry',1),
(387,'Leo the Lop','Stephen Cosgrove',5),
(389,'I Love You the Purplest','Barbara M. Joose',46),
(391,'Nursery Rhyme Book','Beatrix Potter',1),
(393,'Because I Love You','Max Lucadao',5),
(395,'The Jesus Story','Mary Batchelor',1),
(397,'Lightning','Seymour Simon',43),
(399,'Fireboat The Heroic Adventres of John J. Harvey','Maira Kalman',41),
(403,'The Sneetches','Dr Seuss',2),
(407,'Ten in the Bed','Penny Dale',46),
(409,'Hurricanes, Tsunamis, and and other natural disasters','Kingfisher',5),
(411,'Inch by Inch','Leo Lionni',46),
(414,'Walter the Farting Dog Trouble at the Yard Sale','William Kotzwinkle',46),
(417,'Corduroy','Don Freeman',41),
(419,'A Wish for Wings that Work','Berkeley Breathed',42),
(421,'Crickwing','Janell Cannon',46),
(423,'Verdi','Janell Cannon',46),
(428,'Children\'s World Atlas','Usborne',1),
(429,'The Complete Tales of Beatrix Potter','Beatrix Potter',1),
(431,'Alexander and the Wind-Up Mouse','Leo Lionni',46),
(433,'Stand Tall, Molly Lou Melon','Patty Lovell',41),
(435,'Firehouse!','Mark Teague',41),
(437,'Firefighters A to Z','Chris L. Demarest',41),
(441,'Emergency Call 911','Teddy Slater',41),
(445,'Curious George and the Fire Fighters','Margret & HA Rey',41),
(449,'Fire Prevention','Teddy Slater',41),
(451,'Street Safety','Teddy Slater',41),
(453,'Pete the Cat Firefighter Pete','James Dean',41),
(459,'Seed to Apple','Jodie Shepherd',41),
(463,'Seed to Pumpkin','Sonia W. Black',41),
(467,'Safety in the Bus','Teddy Slater',41),
(471,'Home Safe Home','Teddy Slater',41),
(473,'All About Diversity','Felicity Brooks',41),
(479,'Fall Mixed Up','Bob Raczka',41),
(481,'My Leaf Book','Monica Wellington',41),
(485,'When God Made You','Matthew Paul Turner',41),
(493,'Kindergarten, Here I Come!','DJ Steinberg',41),
(497,'Why Should I Share','Claire Llewellyn',41),
(501,'The Feelings Book','Todd Parr',41),
(505,'Boy','Phill Cummings',41),
(511,'One More Dino on the Floor','Kelly Starling Lyons',41),
(513,'Charlotte and the Rock','Stephen W. Martin',41),
(517,'The Dot','Peter H. Reynolds',41),
(521,'Only One You','Linda Kranz',41),
(523,'Going to School','Anne Civardi',41),
(525,'Going to the Doctor','Anne Civardi',41),
(527,'We Don\'t Eat Our Classmates','Ryan T. Higgins',41),
(529,'We Will Rock Our Classmates','Ryan T. Higgins',41),
(531,'Dinosaur Roar!','Paul and Henrietta Stickland',41),
(533,'How Do Dinosaurs Go to School?','Jane Yolen',41),
(535,'Dream Snow','Eric Carle',42),
(537,'Dino Hockey','Lisa Wheeler',41),
(539,'The Legend of St. Nicholas','Dandi Daley Mackall',42),
(541,'Santa Claus and the Three Bears','Maria Modugno',42),
(545,'Lucia Morning in Sweden','Ewa Rydaker',42),
(547,'There was an old Lady who Swallowed a Bat!','Lucille Colandro',41),
(549,'Pete the Cat Saves Christmas','Eric Litwin',42),
(551,'Pumpkin Trouble','Jan Thomas',41),
(553,'Christmas in the Barn','Margaret Wise Brown',42),
(557,'Jingle Bells','Iza Trapani',42),
(561,'The Sweet Smell of Christmas','Patricia Scarry',42),
(565,'Twas Nochebuena','Roseanne Greenfield Thong',42),
(567,'Who\'s Coming to Our House?','Joseph Slate',42),
(569,'My Little Christas Story','Christina Goodings',42),
(571,'The Great Turkey Race','Steve Metzger',41),
(573,'A Christmas Goodnight','Nola Buck',42),
(575,'Silent Night','Juliet Groom',42),
(579,'Christmas Around the World','Mary D. Lankford',42),
(581,'Stellaluna','Janell Cannon',41),
(583,'The Night Before Christmas','Clement C. Moore',42),
(585,'This is the Turkey','Abby Levine',41),
(587,'Olive, the Other Reindeer','J. Otto Siebold',42),
(591,'The Family Book','Todd Parr',41),
(593,'Twas the Night Before Thanksgiving','Dav Pilkey',41),
(597,'Just Right for Christmas','Birdie Black',42),
(603,'The Night Before Christmas','Clement Moore',42),
(605,'Noah\'s Ark','Peter Spier',46),
(607,'Llama Llama Holiday Drama','Anna Dewdney',42),
(609,'The Polar Express','Chris Van Allsburg',42),
(611,'Where\'s Santa?','Sujatha Lalgudi',42),
(613,'Noah\'s Ark','Lucy Cousins',46),
(615,'Mary\'s Baby','Jane Chapman',42),
(617,'Wild Feelings','David Milgrim',41),
(619,'Hello, Christmas','Maryann Cocca-Leffler',42),
(621,'If you give a Moose a Muffin','Laura Joffe Numeroff',46),
(623,'How the Grinch Stole Christmas!','Dr Seuss',42),
(625,'The Happy Hedgehog','Marcus Pfister',46),
(627,'Treasury for Children','James Herriot',1),
(629,'Counting in the City','Tracey Steffora',43),
(631,'Sorting at the Market','Tracey Steffora',43),
(633,'The M&M\'s Addition Book','Barbara Barbieri McGrath',43),
(635,'Jack the Builder','Stuart J Murphy',43),
(637,'Shapes in the Kitchen','Tracey Steffora',43),
(639,'One Hundred Shoes','Charles Ghigna',43),
(641,'Subracting with Seals','Charles Sellers',43),
(643,'God Gave Us Family','Lisa Tawn Bergren',41),
(645,'Counting with Bears','Kate Mineo',3),
(647,'The Giving Tree','Shel Silverstein',41),
(649,'Near and Far with Birds','Tyrone Mineo',43),
(651,'Pete the Cat Five Little Pumpkins','James Dean',41),
(653,'Tell Time with Turtles','Melissa McDonnell',43),
(655,'The 12 Days of Christmas','Robert Sabuda',42),
(657,'Construction Site on Christmas Night','Sherri Duskey Rinker',42),
(659,'Rock it, Sock it, Number Line','Bill Martin Jr Michael Sampson',43),
(661,'Heart','Justin McCory Martin',42),
(663,'The Ninjabread Man (Book/CD)','CJ Leigh',42),
(665,'Skin','Casey Lasko',42),
(667,'Bear Feels Scared','Karma Wilson',41),
(669,'The Magic School Bus Explores the Senses','Joanna Cole  Bruce Degen',42),
(671,'Monsters Love Underpants','Claire Freedman',41),
(673,'The Magic School Bus In a Pickle','Scholastic',43),
(675,'The Kissing Hand','Audrey Penn',41),
(677,'Keeping Healthy','Sally Hewitt',42),
(679,'Charlie Goes to School','Ree Drummond',41),
(681,'Going to the Dentist','Anne Civardi',42),
(683,'Seed, Sprout, Pumpkin Pie','Jill Esbaum',41),
(689,'The Hello, Goodbye Window','Norton Juster',41),
(691,'Apple Trouble!','Ragnhild Scamell',41),
(693,'Where the Wild Things Are','Maurice Sendak',41),
(697,'Pumpkin Day, Pumpkin Night','Anne Rockwell',41),
(699,'Five Senses','Lara Winngham',42),
(701,'It\'s the Great Pumpkin, Charlie Brown','Charles M. Schulz',3),
(703,'The Magic School Bus Inside the Human Body','Joanna Cole  Bruce Degen',42),
(705,'The Biggest Apple Ever','Steven Kroll',41),
(707,'First Encyclopedia of Science','Rachel Firth',43),
(709,'What\'s Alive?','Kathleen Weidner Zoehfeld',43),
(711,'I want to be an Astronaut','Byron Barton',43),
(713,'How To Catch a Star','Oliver Jeffers',43),
(715,'Aliens Love Underpants','Claire Freedman  Ben Cort',43),
(717,'Gravity','Jason Chin',43),
(719,'Stars','Justin McCory Martin',43),
(721,'Here in Space','David Milgrim',43),
(723,'Earth','Justin McCory Martin',43),
(725,'Planets','Elizabeth Carney',43),
(727,'Aliens in Underpants Save the World','Claire Freedman  Ben Cort',43),
(729,'Penelope Buys the Moon','Rhonda Olson Lundgren',43),
(731,'Hello, Stars!','Sheila Walsh',43),
(733,'Moon','Daisy Connell',43),
(735,'Could a Whale Swim to the Moon?','Aleksei Bitskoff Camilla de la Bedoyere',43),
(737,'We Love You, Mr. Panda','Steve Antony',42),
(739,'Planets','Justin McCory Martin',43),
(741,'Curious George Goes to a Chocolate Factory','Margret and HA Rey',42),
(743,'8 Spinning Planets','Brian James',43),
(745,'The Lion Who Wanted to Love','Giles Andreae',42),
(747,'Personal Space Camp','Julia Cook',43),
(749,'Duck and Hippo The Secret Valentine','Jonathan London',42),
(751,'I Love You With All My Heart','Noris Kern',42),
(753,'First Big Book of Space','Catherine D Hughs',43),
(755,'If You\'ll Be My Valentine','Cynthia Rylant',42),
(757,'Max the Minnow','William Boniface',42),
(759,'I Love You Just the Way You Are','James Dillon',42),
(761,'Hedgehugs','Steve Wilson',42),
(763,'The Ocean Story','John Seven',42),
(765,'Huggapotamus','Steve Metzger',42),
(767,'Whales','Laura Marsh',42),
(769,'Amelia Bedelia\'s First Valentine','Hermah Parish',42),
(771,'Weird Sea Creatures','Laura Marsh',42),
(773,'The 12 Days of Valentine\'s','Jenna Lettice',42),
(775,'Duck for President','Doreen Cronin',46),
(777,'Misunderstood Shark Friends don\'t eat Friends','Ame Dyckman',42),
(779,'My little book of Sharks','Camilla de la Bedoyere',42),
(781,'How to Catch the Tooth Fairy','Adam Wallace',42),
(783,'Sea Turtles','Laura Marsh',42),
(785,'Manatees','Laura Marsh',42),
(787,'The Sand  Castle Contest','Robert Munsch',42),
(789,'Dolphins','Melissa Stewart',42),
(791,'A House for Hermit Crab','Eric Carle',42),
(793,'Jolly Olly Octopus','Tony Mitton  Guy Parker-Rees',42),
(795,'Could an Octopus Climb a Skyscaper?','Aleksei Bitskoff Camilla de la Bedoyere',42),
(797,'Could a Shark Do Gymnastics?','Aleksei Bitskoff Camilla de la Bedoyere',42),
(799,'Little Red Hot','Eric A Kimmel',43),
(801,'The Little Red Fort','Brenda Maier',43),
(803,'Rumplelstiltskin','Mara Alperin',43),
(805,'The Elves and the Shoemaker','Mara Alperin',43),
(807,'Chicken Little','Sam Wedelich',43),
(809,'The Three Little Pigs','James Marshall',43),
(811,'The Princess and the Frog','Victoria Saxon',43),
(813,'Cinderella','Barbara Karlin',43),
(815,'The Ugly Duckling','Se Eastland',43),
(817,'Duncan the story Dragon','Amanda Driscoll',43),
(819,'Hansel and Gretel','James Marshall',43),
(821,'Three Little Pigs','Mara Alperin',43),
(823,'The Three Billy Goats Gruff','Mara Alperin',43),
(825,'Chicken Little','Mara Alperin',43),
(827,'After the Fall  How Humpty Dumpty got back up again','Dan Dantat',43),
(829,'The Three LIttle Superpigs Once upon a Time','Claire Evans',43),
(831,'Red Sled','Lita Judge',42),
(833,'The Jacket I Wear in the Snow','Shirley Neitzel',42),
(835,'Arctic Animals','Tori Kosara',42),
(837,'Follow Me! Animal Parents and Babies','Shira Evans',42),
(839,'Hush Little Polar Bear','Jeff Mak',42),
(842,'One Mitten','Kristine O\'Connell George',42),
(844,'Teddy\'s Snowy Day','Ian Beck',42),
(846,'Penguin Cha Cha','Kristi Valiant',42),
(848,'Snow Happy!','Patricia Hubbell',42),
(849,'All About Winter Weather','Kathrym Clay',42),
(851,'All About Snowmen','Kathryn Clay',42),
(853,'Could a Penguin Ride a Bike?','Aleksei Bitskoff',42),
(855,'Snowmen at Night','Caralyn Buehner',42),
(859,'The Little Penguin','AJ Wood',42),
(861,'Polar Bears','Emily Rose Townsend',42),
(864,'Polar Babies','Susan Ring',42),
(865,'Penguins!','Anne Schreiber',42),
(867,'Penguins','Emily Rose Townsend',42),
(869,'Polar Animals','Wade Cooper',42),
(872,'The Little Snowflake','Steve Metzger',42),
(873,'Snowmen All Year','Caralyn Buehner',42),
(875,'Blizzards!','Eric Charlesworth',42),
(877,'Owl Moon','Jane Yolen',42),
(879,'Snowy Bear','Tony Mitton',42),
(881,'Polar Bears','Mark Newman',42),
(883,'The Biggest, Best Snowman','Margery Cuyler',42),
(885,'Hiccupotamus','Aaron Zenz',46),
(887,'Big Smelly Bear','Britta Teckentrup',46),
(889,'Pugs in a Bug','Carolyn Crimi',46),
(891,'Mrs. McNosh Hangs up her Wash','Sarah Weeks',46),
(893,'The Pigeon Finds a Hot Dog!','Mo Willems',46),
(895,'Frog and Toad Together','Arnold Lobel',46),
(898,'Harold and the Purple Crayon','Crockett Johnson',43),
(899,'Goodnight Moon','Margaret Wise Brown',43),
(901,'Madeline','Ludwig Bemelmans',43),
(903,'A Bad Case of Stripes','David Shannon',41),
(905,'Horton Hatches the Egg','Dr Seuss',2),
(907,'Bartholomew and the Oobleck','Dr Seuss',2),
(909,'Everyone Poops','Taro Gomi',3),
(911,'Pig the Stinker','Aaron Blabey',46),
(913,'Pig the Fibber','Aaron Blabey',46),
(915,'Pig the Winner','Aaron Blabey',46),
(917,'Animals in Winter','Martha EH Rustad',42),
(919,'Curious George','HA Rey',46),
(921,'Alexander and the Terrible, Horrible, No Good, Very Bad Day','Judith Viorst',46),
(922,'Alexander and the Terrible, Horrible, No Good, Very Bad Day','Judith Viorst',46),
(940,'Clifford\'s ABC','Norman Bridwell',41),
(941,'Pete the Cat and his Four Groovy Buttons','Eric Litwin',41),
(942,'Outside my Window','Linda Ashman',41),
(943,'Pig the Monster','Aaron Blabey',41),
(944,'Pumpkin Town!','Katie McKy',41),
(945,'Click, Clack, Boo!','Doreen Cronin',41),
(946,'Five Little Pumpkins','Dan Yaccarino',41),
(947,'Turkey Trouble','Sending Silvano',41),
(948,'Five Flying Turkeys','Barbara B McGrath',41),
(949,'Mom Pie','Lynne Jonell',41),
(950,'Snowmen at Work','Carolyn Buehnee',42),
(951,'Muscles','Justin McCory Martin',42),
(952,'Brain','Justin McCory Martin',42),
(953,'Bones','Megan Duhamel',42),
(954,'Clickety Clack','Rob and Amy Spence',42),
(955,'Freight Train','Donald Crews',42),
(956,'The Magic School Bus Taking Flight','Joann',42),
(957,'Clifford Takes a Trip','Norman Bridwell',42),
(958,'Dragons love Tacos 2: The Sequel','Adam Rubin',43),
(959,'Just for You','Mercer Mayer',43),
(960,'Me Too','Mercer Mayer',43),
(961,'All By Myself','Mercer Mayer',43),
(962,'Just going to the Dentist','Mercer Mayer',43),
(963,'Just Me and My Mom','Mercer Mayer',43),
(964,'Just Grandpa and Me','Mercer Mayer',43),
(965,'Paddington','Michael Bond',43),
(966,'Perect Square','Michael Hall',43),
(967,'Compare with Bears','Kate Mineo',43),
(968,'I Hear a Pickle','Rachel Isadora',43),
(969,'Pete the Cat and the Perfect Pizza Party','Kimberly & James Dean',43),
(970,'The Donuut Chef','Bob Staake',43),
(979,'Curios You on your Way!','H A Rey',46),
(980,'If you give a Dog a Donut','Laura Joffe Numeroff',46),
(981,'Agate','Joy Morgan Dey',46),
(982,'Animals of Australia','',46),
(983,'Slimy Slugs and Grubby Bugs','',46),
(984,'Wolves and Wild Dogs','',46),
(985,'ABC of America','Kim Bellefontaine',46),
(986,'Zero','Kathryn Otoshi',46),
(987,'One','Kathryn Otoshi',46),
(988,'Edward and the Pirates','David McPhail',46),
(989,'I Promise','Lebron James',41),
(990,'Stick and Stone','Beth Ferry',42),
(991,'I am Love','Susan Verde',42),
(992,'Arthur\'s Really Helpful Word Book','Marc Brown',5),
(993,'The Lion, the Witch, and the Wardrobe','C. S. Lewis',3),
(994,'The Silver Chair','C. S. Lewis',3),
(995,'The Last Battle','C. S. Lewis',3),
(996,'The Horse and His Boy','C. S. Lewis',3),
(997,'Prince Caspian','C. S. Lewis',3),
(998,'The Voyage of the Dawn Treader','C. S. Lewis',3),
(999,'A Treasury of Children\'s Classics (1-5)','Christine Deverall',1),
(1000,'Stories from the Bible','Sheri Dunham Haan',1),
(1001,'My Storytime Adventure','',3),
(1002,'The Cat in the Hat','Dr Seuss',2),
(1003,'ABC','Dr Seuss',2),
(1004,'ABC','Dr Seuss',2),
(1005,'Green Eggs and Ham','Dr Seuss',2),
(1006,'On Beyond Zebra','Dr Seuss',2);
/*!40000 ALTER TABLE `book` ENABLE KEYS */;
UNLOCK TABLES;
COMMIT;
SET AUTOCOMMIT=@OLD_AUTOCOMMIT;

--
-- Table structure for table `box`
--

DROP TABLE IF EXISTS `box`;
/*!40101 SET @saved_cs_client     = @@character_set_client */;
/*!40101 SET character_set_client = utf8mb4 */;
CREATE TABLE `box` (
  `id` int(11) NOT NULL AUTO_INCREMENT,
  `label` varchar(255) NOT NULL,
  PRIMARY KEY (`id`),
  UNIQUE KEY `label` (`label`)
) ENGINE=InnoDB AUTO_INCREMENT=47 DEFAULT CHARSET=latin1 COLLATE=latin1_swedish_ci;
/*!40101 SET character_set_client = @saved_cs_client */;

--
-- Dumping data for table `box`
--

SET @OLD_AUTOCOMMIT=@@AUTOCOMMIT, @@AUTOCOMMIT=0;
LOCK TABLES `box` WRITE;
/*!40000 ALTER TABLE `box` DISABLE KEYS */;
INSERT INTO `box` VALUES
(1,'Box 1'),
(2,'Box 2'),
(3,'Box 3'),
(5,'Box 5'),
(41,'PS 1'),
(42,'PS 2'),
(43,'PS 3'),
(46,'PS 4');
/*!40000 ALTER TABLE `box` ENABLE KEYS */;
UNLOCK TABLES;
COMMIT;
SET AUTOCOMMIT=@OLD_AUTOCOMMIT;

--
-- Table structure for table `occ_book`
--

DROP TABLE IF EXISTS `occ_book`;
/*!40101 SET @saved_cs_client     = @@character_set_client */;
/*!40101 SET character_set_client = utf8mb4 */;
CREATE TABLE `occ_book` (
  `book_id` int(11) NOT NULL,
  `occasion_id` int(11) NOT NULL,
  PRIMARY KEY (`book_id`,`occasion_id`),
  KEY `idx_occbook_occasion_id` (`occasion_id`),
  CONSTRAINT `fk_occbook_book` FOREIGN KEY (`book_id`) REFERENCES `book` (`id`) ON DELETE CASCADE ON UPDATE CASCADE,
  CONSTRAINT `fk_occbook_occasion` FOREIGN KEY (`occasion_id`) REFERENCES `occasion` (`id`) ON DELETE CASCADE ON UPDATE CASCADE
) ENGINE=InnoDB DEFAULT CHARSET=latin1 COLLATE=latin1_swedish_ci;
/*!40101 SET character_set_client = @saved_cs_client */;

--
-- Dumping data for table `occ_book`
--

SET @OLD_AUTOCOMMIT=@@AUTOCOMMIT, @@AUTOCOMMIT=0;
LOCK TABLES `occ_book` WRITE;
/*!40000 ALTER TABLE `occ_book` DISABLE KEYS */;
INSERT INTO `occ_book` VALUES
(8,35),
(8,66),
(9,66),
(9,70),
(10,66),
(12,33),
(12,60),
(13,60),
(13,82),
(14,64),
(17,27),
(18,26),
(18,42),
(20,27),
(29,66),
(31,66),
(31,70),
(32,35),
(33,70),
(34,70),
(47,66),
(49,70),
(50,70),
(51,70),
(53,70),
(54,70),
(55,70),
(57,66),
(57,70),
(68,70),
(70,66),
(70,70),
(72,70),
(73,70),
(79,40),
(81,70),
(82,70),
(84,66),
(84,70),
(86,66),
(86,70),
(89,60),
(89,70),
(92,70),
(94,66),
(94,70),
(95,42),
(101,72),
(106,82),
(108,26),
(108,70),
(110,82),
(158,70),
(159,70),
(160,70),
(161,70),
(162,70),
(163,70),
(164,70),
(165,70),
(166,70),
(167,70),
(168,70),
(169,70),
(170,70),
(171,70),
(172,70),
(173,70),
(174,70),
(175,70),
(176,70),
(177,70),
(182,66),
(183,66),
(184,28),
(184,35),
(185,82),
(186,82),
(187,28),
(187,66),
(188,31),
(188,34),
(188,66),
(188,82),
(189,66),
(190,37),
(190,66),
(191,28),
(191,66),
(192,66),
(193,28),
(193,35),
(193,66),
(194,35),
(194,66),
(194,70),
(195,37),
(196,37),
(197,37),
(198,37),
(199,37),
(200,37),
(200,66),
(201,37),
(201,66),
(202,37),
(203,37),
(203,66),
(204,37),
(205,66),
(205,76),
(206,37),
(206,66),
(207,37),
(208,33),
(208,37),
(209,33),
(209,37),
(210,37),
(211,32),
(211,37),
(211,66),
(212,37),
(212,66),
(213,37),
(213,66),
(214,28),
(214,35),
(214,37),
(214,66),
(215,37),
(216,37),
(216,66),
(217,37),
(217,66),
(218,66),
(219,66),
(219,82),
(220,32),
(220,66),
(222,28),
(222,35),
(222,66),
(223,32),
(223,66),
(224,31),
(225,28),
(225,35),
(225,38),
(226,66),
(228,66),
(230,29),
(232,28),
(232,70),
(233,28),
(234,64),
(234,76),
(235,72),
(242,28),
(245,28),
(246,37),
(246,66),
(247,37),
(247,66),
(248,37),
(249,37),
(250,37),
(251,37),
(252,37),
(253,37),
(254,29),
(255,28),
(255,40),
(256,29),
(257,72),
(257,78),
(258,40),
(259,72),
(259,78),
(260,72),
(261,28),
(261,35),
(261,66),
(261,70),
(262,66),
(263,31),
(263,66),
(263,70),
(265,32),
(265,66),
(265,70),
(266,66),
(267,28),
(267,35),
(268,28),
(269,28),
(271,41),
(271,66),
(272,41),
(272,66),
(272,76),
(274,41),
(274,42),
(274,66),
(275,27),
(275,34),
(276,26),
(276,41),
(276,66),
(277,42),
(278,41),
(278,42),
(281,26),
(282,27),
(283,39),
(284,27),
(285,27),
(286,26),
(287,26),
(288,72),
(289,66),
(289,70),
(291,64),
(292,28),
(293,28),
(294,29),
(295,34),
(295,66),
(296,29),
(297,66),
(297,70),
(301,70),
(302,29),
(309,37),
(309,70),
(311,35),
(312,40),
(313,40),
(314,70),
(315,76),
(317,66),
(318,29),
(319,66),
(319,76),
(320,64),
(321,78),
(322,66),
(323,64),
(381,26),
(381,66),
(389,40),
(391,82),
(393,40),
(397,37),
(399,38),
(399,74),
(407,40),
(407,60),
(411,28),
(414,66),
(417,72),
(419,42),
(419,66),
(421,66),
(423,66),
(429,82),
(431,66),
(433,72),
(435,74),
(437,70),
(437,74),
(441,74),
(445,66),
(445,74),
(449,74),
(451,74),
(453,74),
(459,37),
(459,76),
(463,37),
(463,76),
(467,38),
(467,74),
(471,74),
(473,72),
(479,76),
(481,76),
(485,72),
(493,28),
(493,72),
(493,78),
(497,72),
(497,78),
(501,72),
(505,72),
(511,31),
(513,31),
(517,72),
(517,78),
(521,32),
(521,72),
(521,78),
(523,78),
(525,39),
(525,74),
(527,31),
(527,78),
(529,31),
(529,78),
(531,31),
(533,31),
(533,78),
(535,42),
(537,31),
(539,42),
(541,42),
(545,42),
(547,41),
(547,64),
(549,42),
(551,41),
(551,64),
(553,42),
(557,42),
(561,42),
(565,42),
(567,42),
(569,42),
(571,41),
(571,80),
(573,42),
(575,42),
(579,42),
(581,64),
(581,66),
(581,76),
(583,42),
(585,80),
(587,38),
(587,42),
(591,72),
(591,80),
(593,35),
(593,66),
(593,80),
(597,42),
(603,42),
(605,66),
(607,42),
(609,42),
(611,42),
(613,66),
(615,42),
(617,72),
(619,42),
(621,34),
(621,66),
(623,42),
(625,66),
(629,37),
(631,37),
(633,37),
(635,37),
(637,37),
(639,37),
(641,37),
(641,66),
(643,80),
(645,37),
(645,66),
(647,76),
(649,37),
(649,66),
(651,64),
(653,37),
(653,66),
(655,42),
(657,42),
(659,37),
(661,37),
(661,39),
(663,42),
(665,37),
(667,41),
(667,66),
(667,76),
(669,37),
(669,39),
(671,64),
(673,37),
(675,78),
(677,37),
(677,39),
(679,66),
(679,78),
(681,37),
(681,39),
(683,64),
(683,76),
(689,80),
(691,76),
(693,60),
(693,64),
(697,64),
(697,76),
(699,37),
(699,39),
(701,64),
(703,37),
(703,39),
(705,76),
(707,37),
(709,37),
(711,33),
(711,37),
(713,33),
(715,33),
(717,33),
(717,37),
(719,33),
(719,37),
(721,33),
(723,33),
(723,37),
(725,33),
(725,37),
(727,33),
(729,33),
(731,33),
(731,60),
(733,33),
(733,37),
(735,32),
(735,33),
(735,37),
(735,66),
(737,27),
(739,33),
(739,37),
(741,27),
(741,34),
(743,33),
(743,37),
(745,27),
(745,66),
(747,33),
(749,27),
(751,27),
(753,33),
(753,37),
(755,27),
(757,32),
(757,66),
(759,27),
(761,27),
(763,32),
(765,27),
(767,32),
(767,37),
(767,66),
(769,27),
(771,32),
(771,37),
(771,66),
(773,27),
(775,28),
(775,35),
(775,40),
(775,66),
(777,32),
(777,66),
(779,32),
(779,37),
(779,66),
(781,39),
(783,32),
(783,37),
(783,66),
(785,32),
(785,37),
(785,66),
(787,32),
(789,32),
(789,37),
(789,66),
(791,32),
(791,66),
(793,32),
(793,66),
(795,32),
(795,37),
(795,66),
(797,32),
(797,66),
(799,66),
(799,82),
(801,82),
(803,82),
(805,82),
(807,66),
(809,82),
(811,66),
(811,82),
(813,82),
(815,82),
(817,82),
(819,82),
(821,41),
(821,66),
(823,66),
(823,82),
(825,66),
(825,82),
(827,82),
(829,66),
(829,82),
(831,26),
(833,26),
(835,26),
(835,37),
(837,26),
(837,37),
(837,66),
(839,26),
(839,60),
(839,66),
(842,26),
(844,26),
(844,66),
(846,26),
(846,66),
(848,26),
(849,26),
(849,37),
(851,26),
(853,26),
(853,37),
(853,66),
(855,26),
(859,26),
(859,66),
(861,26),
(861,37),
(861,66),
(864,26),
(864,37),
(864,66),
(865,26),
(865,37),
(865,66),
(867,26),
(867,37),
(867,66),
(869,26),
(869,37),
(869,66),
(872,26),
(873,26),
(875,26),
(875,37),
(877,26),
(877,66),
(879,26),
(879,66),
(881,26),
(881,37),
(881,66),
(883,26),
(885,66),
(887,66),
(889,66),
(891,28),
(891,35),
(893,34),
(893,66),
(895,66),
(898,40),
(898,82),
(899,41),
(899,60),
(899,82),
(901,40),
(901,82),
(903,72),
(909,66),
(911,66),
(913,66),
(915,66),
(917,26),
(917,37),
(917,66),
(919,66),
(921,40),
(922,40),
(940,70),
(940,78),
(941,66),
(941,72),
(942,72),
(943,64),
(943,66),
(944,64),
(945,64),
(945,66),
(946,64),
(947,80),
(948,80),
(949,80),
(950,26),
(951,37),
(951,39),
(952,37),
(952,39),
(953,37),
(953,39),
(954,38),
(955,38),
(956,37),
(956,38),
(957,38),
(958,34),
(958,66),
(958,82),
(959,82),
(960,82),
(961,82),
(962,39),
(962,82),
(963,82),
(964,82),
(965,82),
(966,37),
(967,37),
(968,34),
(968,39),
(969,34),
(969,66),
(970,34),
(979,28),
(980,34),
(980,66),
(981,66),
(982,37),
(982,66),
(983,37),
(983,66),
(984,37),
(984,66),
(985,40),
(986,40),
(987,40),
(988,40),
(989,72),
(989,78),
(990,27),
(991,27),
(992,70),
(999,82);
/*!40000 ALTER TABLE `occ_book` ENABLE KEYS */;
UNLOCK TABLES;
COMMIT;
SET AUTOCOMMIT=@OLD_AUTOCOMMIT;

--
-- Table structure for table `occasion`
--

DROP TABLE IF EXISTS `occasion`;
/*!40101 SET @saved_cs_client     = @@character_set_client */;
/*!40101 SET character_set_client = utf8mb4 */;
CREATE TABLE `occasion` (
  `id` int(11) NOT NULL AUTO_INCREMENT,
  `label` varchar(255) NOT NULL,
  PRIMARY KEY (`id`),
  UNIQUE KEY `label` (`label`)
) ENGINE=InnoDB AUTO_INCREMENT=84 DEFAULT CHARSET=latin1 COLLATE=latin1_swedish_ci;
/*!40101 SET character_set_client = @saved_cs_client */;

--
-- Dumping data for table `occasion`
--

SET @OLD_AUTOCOMMIT=@@AUTOCOMMIT, @@AUTOCOMMIT=0;
LOCK TABLES `occasion` WRITE;
/*!40000 ALTER TABLE `occasion` DISABLE KEYS */;
INSERT INTO `occasion` VALUES
(72,'All About Me'),
(70,'Alphabet / Reading'),
(66,'Animals'),
(78,'Back to School'),
(60,'Bed Time'),
(41,'Books on CD'),
(42,'Christmas'),
(31,'Dinosaur'),
(29,'Easter'),
(82,'Fairy Tales / Classics'),
(76,'Fall'),
(35,'Farm'),
(74,'Fire Safety/Community Helpers'),
(34,'Food'),
(64,'Halloween'),
(39,'Health'),
(37,'Math/Science'),
(40,'Miscellaneous'),
(32,'Ocean'),
(33,'Space'),
(28,'Spring'),
(80,'Thanksgiving'),
(38,'Transportation'),
(27,'Valentines Day'),
(26,'Winter');
/*!40000 ALTER TABLE `occasion` ENABLE KEYS */;
UNLOCK TABLES;
COMMIT;
SET AUTOCOMMIT=@OLD_AUTOCOMMIT;
/*!40103 SET TIME_ZONE=@OLD_TIME_ZONE */;

/*!40101 SET SQL_MODE=@OLD_SQL_MODE */;
/*!40014 SET FOREIGN_KEY_CHECKS=@OLD_FOREIGN_KEY_CHECKS */;
/*!40014 SET UNIQUE_CHECKS=@OLD_UNIQUE_CHECKS */;
/*!40101 SET CHARACTER_SET_CLIENT=@OLD_CHARACTER_SET_CLIENT */;
/*!40101 SET CHARACTER_SET_RESULTS=@OLD_CHARACTER_SET_RESULTS */;
/*!40101 SET COLLATION_CONNECTION=@OLD_COLLATION_CONNECTION */;
/*M!100616 SET NOTE_VERBOSITY=@OLD_NOTE_VERBOSITY */;

-- Dump completed on 2026-05-29 20:00:02
